<?xml version="1.0" encoding="UTF-8" standalone="true" ?>
<device>
	<regionDefs>
		<!-- regionDefs Object -->
		<item shape="rect" class="button_62606785-939b-4f87-99d2-5f4d7179898b">
			<coords>204.140625,28,243.140625,71</coords>
		</item>
		<!-- regionDefs Object -->
		<item shape="rect" class="button_24b88be8-e2db-4268-bfb9-70a10533cbec">
			<coords>203.140625,86,246.140625,127</coords>
		</item>
		<!-- regionDefs Object -->
		<item shape="rect" class="numericdisplay_85a3c58a-cfe4-428c-8042-d636a8d08a59">
			<coords>57,32,185,68</coords>
		</item>
	</regionDefs>
	<widgetMaps>
		<!-- widgetMaps Object -->
		<item id="button_62606785-939b-4f87-99d2-5f4d7179898b" type="button" event="click" functionText="UP" visible="true" recallRate="250" boundFunctions="click_UP" />
		<!-- widgetMaps Object -->
		<item id="button_24b88be8-e2db-4268-bfb9-70a10533cbec" type="button" event="click" functionText="DOWN" visible="true" recallRate="250" boundFunctions="click_DOWN" />
		<!-- widgetMaps Object -->
		<item id="numericdisplay_85a3c58a-cfe4-428c-8042-d636a8d08a59" type="numericdisplay" event="undefined" functionText="undefined" visible="true" recallRate="undefined" boundFunctions="undefined" />
	</widgetMaps>
</device>